id,player_name,player_api_id,birthday
1,"Aaron Appindangoye",505942,"1992-02-29 00:00:00"
2,"Aaron Cresswell",155782,"1989-12-15 00:00:00"
3,"Aaron Doran",162549,"1991-05-13 00:00:00"
4,"Aaron Galindo",30572,"1982-05-08 00:00:00"
5,"Aaron Hughes",23780,"1979-11-08 00:00:00"
6,"Aaron Hunt",27316,"1986-09-04 00:00:00"
7,"Aaron Kuhl",564793,"1996-01-30 00:00:00"
8,"Aaron Lennon",30895,"1987-04-16 00:00:00"
9,"Aaron Lennox",528212,"1993-02-19 00:00:00"
10,"Aaron Meijers",101042,"1987-10-28 00:00:00"
11,"Aaron Mokoena",23889,"1980-11-25 00:00:00"
12,"Aaron Mooy",231592,"1990-09-15 00:00:00"
13,"Aaron Muirhead",163222,"1990-08-30 00:00:00"
14,"Aaron Niguez",40719,"1989-04-26 00:00:00"
15,"Aaron Ramsey",75489,"1990-12-26 00:00:00"
16,"Aaron Splaine",597948,"1996-10-13 00:00:00"
17,"Aaron Taylor-Sinclair",161644,"1991-04-08 00:00:00"
18,"Aaron Wilbraham",23499,"1979-10-21 00:00:00"
19,"Aatif Chahechouhe",120919,"1986-07-02 00:00:00"
20,"Abasse Ba",46447,"1976-07-12 00:00:00"
21,"Abdelaziz Barrada",167027,"1989-06-19 00:00:00"
22,"Abdelfettah Boukhriss",245653,"1986-10-22 00:00:00"
23,"Abdelhamid El Kaoutari",128456,"1990-03-17 00:00:00"
24,"Abdelkader Ghezzal",42664,"1984-12-05 00:00:00"
25,"Abdellah Zoubir",425950,"1991-12-05 00:00:00"
26,"Abdelmajid Oulmers",38423,"1978-09-12 00:00:00"
27,"Abdelmalek Cherrad",3264,"1981-01-14 00:00:00"
28,"Abdelmalek El Hasnaoui",467485,"1994-02-09 00:00:00"
29,"Abdelouahed Chakhsi",306735,"1986-10-01 00:00:00"
30,"Abderrazak Jadid",41659,"1983-06-01 00:00:00"
31,"Abdeslam Ouaddou",31684,"1978-11-01 00:00:00"
32,"Abdessalam Benjelloun",32637,"1985-01-28 00:00:00"
33,"Abdou Diallo",563215,"1996-05-04 00:00:00"
34,"Abdou Traore",41093,"1988-01-17 00:00:00"
35,"Abdoul Ba",564712,"1994-02-08 00:00:00"
36,"Abdoul Karim Yoda",67334,"1988-10-25 00:00:00"
37,"Abdoul Razzagui Camara",173955,"1990-02-20 00:00:00"
38,"Abdoulay Konko",39562,"1984-03-09 00:00:00"
39,"Abdoulaye Ba",191784,"1991-01-01 00:00:00"
40,"Abdoulaye Bamba",210400,"1990-04-25 00:00:00"
41,"Abdoulaye Diaby",201915,"1991-05-21 00:00:00"
42,"Abdoulaye Diallo Sadio,22",194479,"1990-12-28 00:00:00"
43,"Abdoulaye Diallo",189181,"1992-03-30 00:00:00"
44,"Abdoulaye Doucoure",352887,"1993-01-01 00:00:00"
45,"Abdoulaye Faye",40005,"1978-02-26 00:00:00"
46,"Abdoulaye Keita",409003,"1994-01-05 00:00:00"
47,"Abdoulaye Meite",37280,"1980-10-06 00:00:00"
48,"Abdoulaye Toure",439366,"1994-03-03 00:00:00"
49,"Abdoulwahid Sissoko",148827,"1990-03-20 00:00:00"
50,"Abdourahman Dampha",173011,"1991-12-27 00:00:00"
51,"Abdul Aziz Tetteh",419681,"1989-02-10 00:00:00"
52,"Abdul Majeed Waris",196947,"1991-09-19 00:00:00"
53,"Abdul Osman",89405,"1987-02-27 00:00:00"
54,"Abdul Rahman Baba",324910,"1994-07-02 00:00:00"
55,"Abdul-Yakinu Iddi",67952,"1986-05-25 00:00:00"
56,"Abdulkader Keita",31012,"1981-08-06 00:00:00"
57,"Abdulla Fatadi",176301,"1985-11-02 00:00:00"
58,"Abdullah Al Hafith",307227,"1992-12-25 00:00:00"
59,"Abdullah Omar",176302,"1987-01-01 00:00:00"
60,"Abdullahi Shehu",525595,"1993-03-12 00:00:00"
61,"Abel Aguilar",24385,"1985-01-06 00:00:00"
62,"Abel Gomez",29904,"1982-02-20 00:00:00"
63,"Abel Hernandez",105548,"1990-08-08 00:00:00"
64,"Abel Issa Camara",172875,"1990-01-06 00:00:00"
65,"Abel Khaled",302985,"1992-11-09 00:00:00"
66,"Abel Tamata",240556,"1990-12-05 00:00:00"
67,Abel,40938,"1978-12-22 00:00:00"
68,"Abella Perez Damia",37422,"1982-04-15 00:00:00"
69,"Abiola Dauda",114503,"1988-02-03 00:00:00"
70,"Abou Diaby",27277,"1986-05-11 00:00:00"
71,"Aboubacar Tandia",181344,"1983-10-05 00:00:00"
72,"Aboubakar Kamara",581141,"1995-03-07 00:00:00"
73,"Aboubakar Oumarou",80592,"1987-04-01 00:00:00"
74,"Abraham Gonzalez",165706,"1985-07-16 00:00:00"
75,"Abraham Guie Gneki",210453,"1986-07-25 00:00:00"
76,"Abraham Kudemor",208635,"1985-02-25 00:00:00"
77,"Abraham Minero",213695,"1986-02-22 00:00:00"
78,"Abraham Paz Cruz",33715,"1979-03-14 00:00:00"
79,"Achille Coser",41489,"1982-07-14 00:00:00"
80,"Achille Emana",25571,"1982-06-05 00:00:00"
81,"Achille Vaarnold",660145,"1996-01-26 00:00:00"
82,"Achmed Ahahaoui",45960,"1983-12-06 00:00:00"
83,"Achraf Lazaar",293235,"1992-09-22 00:00:00"
84,"Aco Stojkov",34487,"1983-04-29 00:00:00"
85,Adailton,26331,"1983-04-14 00:00:00"
86,Adailton,41749,"1977-01-24 00:00:00"
87,"Adalberto Penaranda",495841,"1997-05-31 00:00:00"
88,"Adam Armstrong",519835,"1997-02-10 00:00:00"
89,"Adam Banas",68840,"1982-12-25 00:00:00"
90,"Adam Bodzek",27534,"1985-09-07 00:00:00"
91,"Adam Bogdan",157303,"1987-09-27 00:00:00"
92,"Adam Brown",563198,"1995-06-09 00:00:00"
93,"Adam Buksa",557396,"1996-07-12 00:00:00"
94,"Adam Campbell",365666,"1995-01-01 00:00:00"
95,"Adam Collin",180197,"1984-12-09 00:00:00"
96,"Adam Cummins",310346,"1993-03-03 00:00:00"
97,"Adam Danch",68962,"1987-12-15 00:00:00"
98,"Adam Deja",429870,"1993-06-24 00:00:00"
99,"Adam Drury",23133,"1978-08-29 00:00:00"
100,"Adam Drury",420209,"1993-09-09 00:00:00"
101,"Adam Duda",308280,"1991-04-29 00:00:00"
102,"Adam Dzwigala",361712,"1995-09-25 00:00:00"
103,"Adam Federici",38617,"1985-01-31 00:00:00"
104,"Adam Fraczczak",173993,"1987-08-07 00:00:00"
105,"Adam Gyurcso",277313,"1991-03-06 00:00:00"
106,"Adam Hammill",40568,"1988-01-25 00:00:00"
107,"Adam Henley",281079,"1994-06-14 00:00:00"
108,"Adam Hlousek",89240,"1988-12-20 00:00:00"
109,"Adam Johnson",24159,"1987-07-14 00:00:00"
110,"Adam King",414208,"1995-10-11 00:00:00"
111,"Adam Kokoszka",43317,"1986-10-06 00:00:00"
112,"Adam Lallana",37234,"1988-05-10 00:00:00"
113,"Adam Le Fondre",24952,"1986-12-02 00:00:00"
114,"Adam Maher",209372,"1993-07-20 00:00:00"
115,"Adam Marciniak",69518,"1988-09-28 00:00:00"
116,"Adam Marusic",478447,"1992-10-17 00:00:00"
117,"Adam Masina",500502,"1994-01-02 00:00:00"
118,"Adam Matthews",170593,"1992-01-13 00:00:00"
119,"Adam Matuschyk",185336,"1989-02-14 00:00:00"
120,"Adam Mojta",69249,"1986-06-30 00:00:00"
121,"Adam Morgan",407308,"1994-04-21 00:00:00"
122,"Adam Nemec",12245,"1985-09-02 00:00:00"
123,"Adam Ounas",684978,"1996-11-11 00:00:00"
124,"Adam Pazio",306507,"1992-09-27 00:00:00"
125,"Adam Pinter",73078,"1988-06-12 00:00:00"
126,"Adam Rooney",31916,"1988-04-21 00:00:00"
127,"Adam Ryczkowski",555649,"1997-04-30 00:00:00"
128,"Adam Sarota",158861,"1988-12-28 00:00:00"
129,"Adam Smith",160447,"1991-04-29 00:00:00"
130,"Adam Szalai",36774,"1987-12-09 00:00:00"
131,"Adam Taggart",243068,"1993-06-02 00:00:00"
132,"Adam Vass",71359,"1988-09-09 00:00:00"
133,"Adam Waszkiewicz",495942,"1993-12-06 00:00:00"
134,"Adama Ba",287224,"1993-08-27 00:00:00"
135,"Adama Coulibaly",26136,"1980-09-10 00:00:00"
136,"Adama Francois",164360,"1989-11-30 00:00:00"
137,"Adama Soumaoro",357881,"1992-06-18 00:00:00"
138,"Adama Traore",181211,"1990-02-03 00:00:00"
139,"Adama Traore",533212,"1995-06-28 00:00:00"
140,"Adamo Coulibaly",103866,"1981-08-14 00:00:00"
141,"Adel Taarabt",47394,"1989-05-24 00:00:00"
142,"Adem Ljajic",155738,"1991-09-29 00:00:00"
143,"Aderlan Santos",361710,"1989-04-09 00:00:00"
144,Aderlan,568920,"1990-08-18 00:00:00"
145,"Adil Auassar",45816,"1986-10-06 00:00:00"
146,"Adil Chihi",37249,"1988-02-21 00:00:00"
147,"Adil Hermach",40012,"1986-06-27 00:00:00"
148,"Adil Rami",77741,"1985-12-27 00:00:00"
149,"Adil Ramzi",38612,"1977-07-14 00:00:00"
150,Adilson,164115,"1982-01-01 00:00:00"
151,"Adis Jahovic",276701,"1987-03-18 00:00:00"
152,"Adlene Guedioura",131409,"1985-11-12 00:00:00"
153,"Admir Aganovic",116788,"1986-08-25 00:00:00"
154,"Admir Mehmedi",132844,"1991-03-16 00:00:00"
155,"Adnan Alisic",45815,"1984-02-10 00:00:00"
156,"Adnan Custovic",39875,"1978-04-16 00:00:00"
157,"Adnan Januzaj",449241,"1995-02-05 00:00:00"
158,"Adnan Mravac",43049,"1982-04-10 00:00:00"
159,"Adnane Tighadouini",261599,"1992-11-30 00:00:00"
160,"Adrian Basta",154950,"1988-12-01 00:00:00"
161,"Adrian Blad",182107,"1991-04-16 00:00:00"
162,"Adrian Chomiuk",121643,"1988-06-23 00:00:00"
163,"Adrian Colunga",102572,"1984-11-17 00:00:00"
164,"Adrian Cristea",43348,"1983-11-30 00:00:00"
165,"Adrian Daniel Calello",113604,"1987-05-14 00:00:00"
166,"Adrian Embarba",482331,"1992-05-07 00:00:00"
167,"Adrian Gonzalez",40501,"1988-05-25 00:00:00"
168,"Adrian Gunino",178574,"1989-02-03 00:00:00"
169,"Adrian Klepczynski",78537,"1981-04-01 00:00:00"
170,"Adrian Lopez",45744,"1988-01-08 00:00:00"
171,"Adrian Mariappa",23358,"1986-10-03 00:00:00"
172,"Adrian Marin",571685,"1997-01-09 00:00:00"
173,"Adrian Mrowiec",105526,"1983-12-01 00:00:00"
174,"Adrian Mutu",39311,"1979-08-01 00:00:00"
175,"Adrian Nikci",112976,"1989-11-10 00:00:00"
176,"Adrian Paluchowski",116881,"1987-08-19 00:00:00"
177,"Adrian Rakowski",239253,"1990-10-07 00:00:00"
178,"Adrian Ramos",50345,"1986-01-22 00:00:00"
179,"Adrian Ricardo Centurion",323385,"1993-01-19 00:00:00"
180,"Adrian Ricchiuti",42431,"1978-06-30 00:00:00"
181,"Adrian Sardinero Corpa",183482,"1990-10-13 00:00:00"
182,"Adrian Stoian",168047,"1991-02-11 00:00:00"
183,"Adrian Winter",114790,"1986-07-08 00:00:00"
184,Adrian,169756,"1987-01-31 00:00:00"
185,"Adriano De Pierro",167648,"1991-01-11 00:00:00"
186,"Adriano Facchini",280969,"1983-03-12 00:00:00"
187,"Adriano Ferreira Pinto",39190,"1979-12-10 00:00:00"
188,"Adriano Jose de Lara",172172,"1987-12-09 00:00:00"
189,"Adriano Pereira da Silva",39199,"1982-04-03 00:00:00"
190,"Adriano Russo",38122,"1987-06-06 00:00:00"
191,Adriano,121923,"1982-01-21 00:00:00"
192,Adriano,30690,"1982-02-17 00:00:00"
193,Adriano,33992,"1984-10-26 00:00:00"
194,Adriano,41109,"1980-01-29 00:00:00"
195,"Adrien Goni",171737,"1988-08-25 00:00:00"
196,"Adrien Hunou",447107,"1994-01-19 00:00:00"
197,"Adrien Rabiot",352879,"1995-04-03 00:00:00"
198,"Adrien Rawyler",557353,"1993-06-13 00:00:00"
199,"Adrien Regattin",188413,"1991-08-22 00:00:00"
200,"Adrien Silva",40930,"1989-03-15 00:00:00"
201,"Adrien Thomasson",317062,"1993-12-10 00:00:00"
202,"Adrien Trebel",242719,"1991-03-03 00:00:00"
203,Adryan,263276,"1994-08-10 00:00:00"
204,"Afonso Alves,24",35608,"1981-01-30 00:00:00"
205,Afonso,361711,"1993-01-06 00:00:00"
206,"Afriyie Acquah",213366,"1992-01-05 00:00:00"
207,"Ager Aketxe",441441,"1993-12-30 00:00:00"
208,"Agim Ibraimi",118883,"1988-08-29 00:00:00"
209,"Agon Mehmeti",119305,"1989-11-20 00:00:00"
210,"Agustin Vuletich",256728,"1991-11-03 00:00:00"
211,"Ahmed Ammi",45872,"1981-01-19 00:00:00"
212,"Ahmed Apimah Barusso",41399,"1984-12-26 00:00:00"
213,"Ahmed El Messaoudi",513810,"1995-08-03 00:00:00"
214,"Ahmed El Mohamady",111930,"1987-09-09 00:00:00"
215,"Ahmed Hamoudi",561140,"1990-07-21 00:00:00"
216,"Ahmed Hassan Koka",403003,"1993-03-05 00:00:00"
217,"Ahmed Hegazy",297556,"1991-01-25 00:00:00"
218,"Ahmed Kantari",41182,"1985-06-28 00:00:00"
219,"Ahmed Kashi",120917,"1988-11-18 00:00:00"
220,"Ahmed Musa",232103,"1992-10-14 00:00:00"
221,"Ahmed Saied Okka",174597,"1984-03-13 00:00:00"
222,"Ahmed Samir Farag",174600,"1986-05-20 00:00:00"
223,"Ahmed Soukouna",148953,"1990-01-13 00:00:00"
224,"Ahmet Ozcan",441166,"1995-03-07 00:00:00"
225,"Aidan Connolly",410141,"1995-08-15 00:00:00"
226,"Aidan Nesbitt",582500,"1997-02-05 00:00:00"
227,"Aiden Chippendale",199829,"1992-05-24 00:00:00"
228,"Aiden McGeady",32448,"1986-04-04 00:00:00"
229,"Aimo Stefano Diana",34319,"1978-01-02 00:00:00"
230,"Airam Cabrera",213737,"1987-10-21 00:00:00"
231,Airton,133535,"1990-02-21 00:00:00"
232,Aislan,128843,"1988-01-11 00:00:00"
233,"Aissa Laidouni",715642,"1996-12-13 00:00:00"
234,"Aissa Mandi",210683,"1991-10-22 00:00:00"
235,"Aitor Nunez",185301,"1987-10-02 00:00:00"
236,"Aitor Ocio",33993,"1976-11-28 00:00:00"
237,"Aiyegbeni Yakubu",24160,"1982-11-22 00:00:00"
238,"Akaki Gogia",243127,"1992-01-18 00:00:00"
239,"Akihiro Ienaga",20771,"1986-06-13 00:00:00"
240,"Akoete Eninful",244128,"1992-07-21 00:00:00"
241,"Akos Buzsaky",23163,"1982-05-07 00:00:00"
242,"Akpo Sodje",31255,"1981-01-31 00:00:00"
243,"Akwetey Mensah",127255,"1983-04-15 00:00:00"
244,"Alaeddine Yahia",33451,"1981-09-26 00:00:00"
245,"Alain Cantareil",26085,"1983-08-15 00:00:00"
246,"Alain Nef",34268,"1982-02-06 00:00:00"
247,"Alain Pierre Mendy",182847,"1989-11-17 00:00:00"
248,"Alain Rochat",36785,"1983-02-01 00:00:00"
249,"Alain Schultz",67393,"1983-02-17 00:00:00"
250,"Alain Traore",34417,"1988-12-31 00:00:00"
251,"Alain Wiss",95220,"1990-08-21 00:00:00"
252,"Alan Combe",32693,"1974-04-03 00:00:00"
253,"Alan Gow",32547,"1982-10-09 00:00:00"
254,"Alan Haydock",37085,"1976-01-13 00:00:00"
255,"Alan Henrique",267728,"1991-06-19 00:00:00"
256,"Alan Hutton",32870,"1984-11-30 00:00:00"
257,"Alan Kardec",92935,"1989-01-12 00:00:00"
258,"Alan Mannus",14100,"1982-05-19 00:00:00"
259,"Alan Martin",32845,"1989-01-01 00:00:00"
260,"Alan Maybury",23081,"1978-08-08 00:00:00"
261,"Alan O'Brien",24024,"1985-02-20 00:00:00"
262,"Alan Schons",667963,"1993-05-24 00:00:00"
263,"Alan Smith",30248,"1980-10-28 00:00:00"
264,"Alan Tate",23881,"1982-09-02 00:00:00"
265,"Alan Uryga",312585,"1994-02-19 00:00:00"
266,Alan,25926,"1979-09-19 00:00:00"
267,"Alassane Diallo",441173,"1995-02-19 00:00:00"
268,"Alassane Plea",294859,"1993-03-10 00:00:00"
269,"Alassane Tambe",289250,"1992-01-26 00:00:00"
270,"Alassane Toure",160220,"1989-02-09 00:00:00"
271,"Alban Joinel",121488,"1979-09-14 00:00:00"
272,"Alban Lafont",698273,"1999-01-23 00:00:00"
273,"Alban Meha",94883,"1986-04-26 00:00:00"
274,"Alban Pnishi",177689,"1990-10-20 00:00:00"
275,"Albano Benjamin Bizzarri",37503,"1977-11-09 00:00:00"
276,"Albert Baning",41173,"1985-03-19 00:00:00"
277,"Albert Bunjaku",35831,"1983-11-29 00:00:00"
278,"Albert Crusat",45605,"1982-05-13 00:00:00"
279,"Albert Meyong Ze",37483,"1980-10-19 00:00:00"
280,"Albert Rafetraniaina",396912,"1996-09-09 00:00:00"
281,"Albert Riera",37920,"1982-04-15 00:00:00"
282,"Albert Rusnak",484858,"1994-07-07 00:00:00"
283,"Albert Streit",36066,"1980-03-28 00:00:00"
284,"Alberto Aquilani",27694,"1984-07-07 00:00:00"
285,"Alberto Botia",107929,"1989-01-27 00:00:00"
286,"Alberto Brignoli",299879,"1991-08-19 00:00:00"
287,"Alberto Bueno",41168,"1988-03-20 00:00:00"
288,"Alberto Cifuentes",38395,"1979-05-29 00:00:00"
289,"Alberto De la Bella",47565,"1985-12-02 00:00:00"
290,"Alberto Fontana",39425,"1967-01-23 00:00:00"
291,"Alberto Frison,18",30143,"1988-07-21 00:00:00"
292,"Alberto Garcia",102394,"1985-02-09 00:00:00"
293,"Alberto Gilardino",30881,"1982-07-05 00:00:00"
294,"Alberto Giuliatto",42460,"1983-09-17 00:00:00"
295,"Alberto Grassi",575364,"1995-03-07 00:00:00"
296,"Alberto Guitian",543020,"1990-07-29 00:00:00"
297,"Alberto Lopo",37451,"1980-05-05 00:00:00"
298,"Alberto Luque,21",32763,"1978-03-11 00:00:00"
299,"Alberto Maria Fontana",39743,"1974-12-02 00:00:00"
300,"Alberto Moreno",314605,"1992-07-05 00:00:00"
301,"Alberto Paloschi",109121,"1990-01-04 00:00:00"
302,"Alberto Pelagotti",39302,"1989-03-09 00:00:00"
303,"Alberto Perea",231977,"1990-12-19 00:00:00"
304,"Alberto Pomini",74028,"1981-03-17 00:00:00"
305,"Alberto Regazzoni",42121,"1983-05-04 00:00:00"
306,"Alberto Rey",2790,"1974-02-15 00:00:00"
307,"Alberto Rivera",30273,"1978-02-16 00:00:00"
308,"Alberto Rodriguez",88521,"1984-03-31 00:00:00"
309,"Alberto Zapater",38576,"1985-06-13 00:00:00"
310,"Albian Ajeti",527104,"1997-02-26 00:00:00"
311,"Albin Ebondo",26401,"1984-02-23 00:00:00"
312,"Albin Ekdal",71768,"1989-07-28 00:00:00"
313,"Albion Avdijaj",493418,"1994-01-12 00:00:00"
314,Aldair,281864,"1992-01-31 00:00:00"
315,"Aldin Turkes",661509,"1996-04-22 00:00:00"
316,"Aldo Angoula",93343,"1981-05-04 00:00:00"
317,"Aldo Kalulu",664961,"1996-01-21 00:00:00"
318,"Aldo Pedro Duscher",33759,"1979-03-22 00:00:00"
319,"Aleandro Rosi",39345,"1987-05-17 00:00:00"
320,"Alec Luyckx",467052,"1995-05-19 00:00:00"
321,Alef,450292,"1995-01-28 00:00:00"
322,"Aleix Vidal",189192,"1989-08-21 00:00:00"
323,"Alejandro Alfaro",38131,"1986-11-23 00:00:00"
324,"Alejandro Alonso",26120,"1982-03-03 00:00:00"
325,"Alejandro Arribas",191906,"1989-05-01 00:00:00"
326,"Alejandro Bedoya",169217,"1987-04-29 00:00:00"
327,"Alejandro Bergantinos",151079,"1985-06-07 00:00:00"
328,"Alejandro Daro Gomez",45220,"1988-02-15 00:00:00"
329,"Alejandro Dominguez",10348,"1981-06-10 00:00:00"
330,"Alejandro Faurlin",97657,"1986-08-09 00:00:00"
331,"Alejandro Galvez",303484,"1989-06-06 00:00:00"
332,"Alejandro Gonzalez",168569,"1988-03-23 00:00:00"
333,"Alejandro Grimaldo Garcia",288406,"1995-09-20 00:00:00"
334,"Alejandro Martinuccio",187150,"1987-12-16 00:00:00"
335,"Alejandro Pozuelo",282470,"1991-09-20 00:00:00"
336,"Aleksandar Bjelica",302911,"1994-01-07 00:00:00"
337,"Aleksandar Cavric",364496,"1994-05-18 00:00:00"
338,"Aleksandar Damcevski",522571,"1992-11-21 00:00:00"
339,"Aleksandar Ignjovski",167094,"1991-01-27 00:00:00"
340,"Aleksandar Kolarov",16351,"1985-11-10 00:00:00"
341,"Aleksandar Kovacevic",426005,"1992-01-09 00:00:00"
342,"Aleksandar Lukovic",37515,"1982-10-23 00:00:00"
343,"Aleksandar Miljkovic",155739,"1990-02-26 00:00:00"
344,"Aleksandar Mitreski",34067,"1980-08-05 00:00:00"
345,"Aleksandar Mitrovic",351860,"1994-09-16 00:00:00"
346,"Aleksandar Pantic",280638,"1992-04-11 00:00:00"
347,"Aleksandar Pesic",164519,"1992-05-21 00:00:00"
348,"Aleksandar Prijovic",124144,"1990-04-21 00:00:00"
349,"Aleksandar Rankovic",26680,"1978-08-31 00:00:00"
350,"Aleksandar Stevanovic",278866,"1992-02-16 00:00:00"
351,"Aleksandar Todorovski",69018,"1984-02-26 00:00:00"
352,"Aleksandar Tonev",156534,"1990-02-03 00:00:00"
353,"Aleksandar Trajkovski",208852,"1992-09-05 00:00:00"
354,"Aleksandar Vasoski",27476,"1979-11-21 00:00:00"
355,"Aleksander Jagiello",306158,"1995-02-02 00:00:00"
356,"Aleksander Kwiek",68839,"1983-01-13 00:00:00"
357,"Aleksander Radosavljevic",3441,"1979-04-25 00:00:00"
358,"Aleksander Seliga",22822,"1980-02-01 00:00:00"
359,"Aleksandr Hleb",26169,"1981-05-01 00:00:00"
360,"Aleksandrs Fertovs",89828,"1987-06-16 00:00:00"
361,"Aleksei Kangaskolkka",31191,"1988-10-29 00:00:00"
362,"Alen Halilovic",395154,"1996-06-18 00:00:00"
363,"Alen Melunovic",173913,"1990-01-26 00:00:00"
364,"Alen Stevanovic",191081,"1991-01-07 00:00:00"
365,"Alesandro Cordaro",39145,"1986-05-02 00:00:00"
366,"Alessandro Agostini",39763,"1979-07-23 00:00:00"
367,"Alessandro Bernardini",39470,"1987-01-21 00:00:00"
368,"Alessandro Budel",39762,"1981-02-25 00:00:00"
369,"Alessandro Carrozza",74452,"1982-02-01 00:00:00"
370,"Alessandro Cerigioni",197848,"1992-09-30 00:00:00"
371,"Alessandro Ciarrocchi",41424,"1988-01-03 00:00:00"
372,"Alessandro Crescenzi",154238,"1991-09-25 00:00:00"
373,"Alessandro Damen",561819,"1990-05-17 00:00:00"
374,"Alessandro Del Piero",30727,"1974-11-09 00:00:00"
375,"Alessandro Diamanti",41475,"1983-05-02 00:00:00"
376,"Alessandro Florenzi",264842,"1991-03-11 00:00:00"
377,"Alessandro Frara",42443,"1982-11-07 00:00:00"
378,"Alessandro Gamberini",24504,"1981-08-27 00:00:00"
379,"Alessandro Gazzi",41816,"1983-01-28 00:00:00"
380,"Alessandro Grandoni",27606,"1977-07-22 00:00:00"
381,"Alessandro Iacobucci",182843,"1991-06-03 00:00:00"
382,"Alessandro Iandoli",7683,"1984-04-29 00:00:00"
383,"Alessandro Lambrughi",73047,"1987-05-19 00:00:00"
384,"Alessandro Longhi",215725,"1989-06-25 00:00:00"
385,"Alessandro Lucarelli",27679,"1977-07-22 00:00:00"
386,"Alessandro Mangiarrati",11747,"1978-09-15 00:00:00"
387,"Alessandro Matri",41411,"1984-08-19 00:00:00"
388,"Alessandro Nesta",30723,"1976-03-19 00:00:00"
389,"Alessandro Parisi",41729,"1977-04-15 00:00:00"
390,"Alessandro Piu",620524,"1996-07-30 00:00:00"
391,"Alessandro Potenza",39314,"1984-03-08 00:00:00"
392,"Alessandro Riedle",167369,"1991-08-14 00:00:00"
393,"Alessandro Rosina",31304,"1984-01-31 00:00:00"
394,"Alessandro Schoepf",461357,"1994-02-07 00:00:00"
395,"Alessandro Sgrigna",42652,"1980-04-24 00:00:00"
396,"Alessio Cerci",41269,"1987-07-23 00:00:00"
397,"Alessio Cragno",282706,"1994-06-28 00:00:00"
398,"Alessio Da Cruz",602306,"1997-01-18 00:00:00"
399,"Alessio Manzoni",39197,"1987-04-10 00:00:00"
400,"Alessio Romagnoli",362195,"1995-01-12 00:00:00"
401,"Alessio Scarpi",41762,"1973-04-19 00:00:00"
402,"Alessio Sestu",42482,"1983-09-29 00:00:00"
403,"Alex Baptiste",24469,"1986-01-31 00:00:00"
404,"Alex Bruce",35480,"1984-09-28 00:00:00"
405,"Alex Bruno",363343,"1993-10-07 00:00:00"
406,"Alex Bruno",80566,"1982-05-09 00:00:00"
407,"Alex Calderoni",39204,"1976-05-31 00:00:00"
408,"Alex Cooper",306062,"1991-11-04 00:00:00"
409,"Alex Fernandez",213500,"1992-10-15 00:00:00"
410,"Alex Ferrari",447488,"1994-07-01 00:00:00"
411,"Alex Goncalves",265618,"1990-05-20 00:00:00"
412,"Alex Harris",396888,"1994-08-31 00:00:00"
413,"Alex Henshall",430433,"1994-02-15 00:00:00"
414,"Alex Iwobi",604785,"1996-05-03 00:00:00"
415,"Alex Kacaniklic",282274,"1991-08-13 00:00:00"
416,"Alex Kakuba",470416,"1991-06-12 00:00:00"
417,"Alex Keddie",33913,"1981-01-23 00:00:00"
418,"Alex Lopez",205034,"1988-01-11 00:00:00"
419,"Alex MacDonald",155122,"1990-04-14 00:00:00"
420,"Alex Manninger",39566,"1977-06-04 00:00:00"
421,"Alex Martinez",264293,"1990-08-12 00:00:00"
422,"Alex McCarthy",119079,"1989-12-03 00:00:00"
423,"Alex Menendez",282689,"1991-07-17 00:00:00"
424,"Alex Neil",32924,"1981-06-09 00:00:00"
425,"Alex Oxlade-Chamberlain",196386,"1993-08-15 00:00:00"
426,"Alex Pearce",49709,"1988-11-09 00:00:00"
427,"Alex Perez",213493,"1991-08-11 00:00:00"
428,"Alex Pinardi",41136,"1980-09-05 00:00:00"
429,"Alex Portillo",408994,"1992-11-06 00:00:00"
430,"Alex Sandro",157865,"1991-01-26 00:00:00"
431,"Alex Schalk",262753,"1992-08-07 00:00:00"
432,"Alex Silva",34650,"1985-03-10 00:00:00"
433,"Alex Soares",478988,"1991-03-01 00:00:00"
434,"Alex Song",23678,"1987-09-09 00:00:00"
435,"Alex Telles",428672,"1992-12-15 00:00:00"
436,"Alex Valentini",41975,"1988-04-05 00:00:00"
437,"Alex Von Schwedler",41766,"1980-02-17 00:00:00"
438,Alex,150396,"1989-01-29 00:00:00"
440,Alex,163838,"1991-08-27 00:00:00"
442,Alex,26564,"1982-06-17 00:00:00"
443,"Alexander Bannink",186923,"1990-02-20 00:00:00"
444,"Alexander Baumjohann",27306,"1987-01-23 00:00:00"
445,"Alexander Buettner",118434,"1989-02-11 00:00:00"
446,"Alexander Bugera",27535,"1978-08-08 00:00:00"
447,"Alexander Corryn",317565,"1994-01-03 00:00:00"
448,"Alexander Cristovao",422127,"1993-03-14 00:00:00"
449,"Alexander Djiku",407765,"1994-08-09 00:00:00"
450,"Alexander Dragovic",128106,"1991-03-06 00:00:00"
451,"Alexander Esswein",147735,"1990-03-25 00:00:00"
452,"Alexander Farnerud",31672,"1984-05-01 00:00:00"
453,"Alexander Fransson",438780,"1994-04-02 00:00:00"
454,"Alexander Frei",34102,"1979-07-15 00:00:00"
455,"Alexander Gerndt",71764,"1986-07-14 00:00:00"
456,"Alexander Gonzalez",190525,"1992-09-13 00:00:00"
457,"Alexander Hack",459000,"1993-09-08 00:00:00"
458,"Alexander Iashvili",38206,"1977-10-23 00:00:00"
459,"Alexander Laas",27297,"1984-05-05 00:00:00"
460,"Alexander Madlung",34420,"1982-07-11 00:00:00"
461,"Alexander Mathisen",40295,"1986-11-24 00:00:00"
462,"Alexander Meier",27478,"1983-01-17 00:00:00"
463,"Alexander Merkel",192504,"1992-02-22 00:00:00"
464,"Alexander Milosevic",169569,"1992-01-30 00:00:00"
465,"Alexander Ring",181333,"1991-04-09 00:00:00"
466,"Alexander Scholz",203755,"1992-10-24 00:00:00"
467,"Alexander Schwolow",248437,"1992-06-02 00:00:00"
468,"Alexander Soerloth",440330,"1995-12-05 00:00:00"
469,"Alexander Stephan",71524,"1986-09-15 00:00:00"
470,"Alexander Tettey",40100,"1986-04-04 00:00:00"
471,"Alexandr Kerzhakov",3517,"1982-11-27 00:00:00"
472,"Alexandre Alphonse",25824,"1982-06-17 00:00:00"
473,"Alexandre Azevedo",750584,"1997-01-28 00:00:00"
474,"Alexandre Barthe",155075,"1986-03-05 00:00:00"
475,"Alexandre Bonnet",24122,"1986-10-17 00:00:00"
476,"Alexandre Coeff",265727,"1992-02-20 00:00:00"
477,"Alexandre Cuvillier",93996,"1986-06-17 00:00:00"
478,"Alexandre D'Acol",39749,"1986-07-18 00:00:00"
479,"Alexandre Di Gregorio",21657,"1980-02-12 00:00:00"
480,"Alexandre Geijo",33840,"1982-09-05 00:00:00"
481,"Alexandre Hauw",3140,"1982-01-22 00:00:00"
482,"Alexandre Lacazette",169193,"1991-05-28 00:00:00"
483,"Alexandre Letellier",210387,"1990-12-11 00:00:00"
484,"Alexandre Licata",26213,"1984-01-02 00:00:00"
485,"Alexandre Mendy",560900,"1994-03-20 00:00:00"
486,"Alexandre Pasche",114021,"1991-05-31 00:00:00"
487,"Alexandre Pato",46554,"1989-09-02 00:00:00"
488,"Alexandre Quennoz",34055,"1978-09-21 00:00:00"
489,"Alexandre Raineau",46342,"1986-06-21 00:00:00"
490,"Alexandre Silva",571296,"1997-03-16 00:00:00"
491,"Alexandros Tziolis",42321,"1985-02-13 00:00:00"
492,"Alexandros Tzorvas",42306,"1982-08-12 00:00:00"
493,"Alexandru Maxim",298923,"1990-07-08 00:00:00"
494,"Alexei Jr Eremenko",41941,"1983-03-24 00:00:00"
495,"Alexi Peuget",277443,"1990-12-18 00:00:00"
496,"Alexis Alegue Elandi",687572,"1996-12-23 00:00:00"
497,"Alexis Blin",605848,"1996-09-16 00:00:00"
498,"Alexis De Sart",571681,"1996-11-12 00:00:00"
499,"Alexis Norambuena Ruz",50657,"1984-03-31 00:00:00"
500,"Alexis Rolin",281019,"1989-02-07 00:00:00"
501,"Alexis Sanchez",50047,"1988-12-19 00:00:00"
502,"Alexis Thebaux",26275,"1985-03-17 00:00:00"
503,Alexis,37479,"1985-08-04 00:00:00"
504,"Alexy Bosetti",303089,"1993-04-23 00:00:00"
505,"Alfonso Artabe",641042,"1988-08-18 00:00:00"
506,"Alfonso De Lucia",27667,"1983-11-12 00:00:00"
507,"Alfonso Pedraza",629594,"1996-04-09 00:00:00"
508,"Alfonso Taira",280510,"1992-06-17 00:00:00"
509,"Alfred Duncan",317156,"1993-03-10 00:00:00"
510,"Alfred Finnbogason",129918,"1989-02-01 00:00:00"
511,"Alfred N'Diaye",111801,"1990-03-06 00:00:00"
512,"Alfredo Morales",239946,"1990-05-12 00:00:00"
513,"Alfredo Ortuno",213649,"1991-01-21 00:00:00"
514,"Alharbi El Jadeyaoui",46412,"1986-08-08 00:00:00"
515,"Alhassan Wakaso",242889,"1992-01-07 00:00:00"
516,"Alhassane Bangoura",256727,"1992-03-30 00:00:00"
517,"Alhassane Keita",286117,"1992-04-16 00:00:00"
518,"Alhassane Keita",41718,"1983-06-26 00:00:00"
519,"Ali Adnan",476771,"1993-12-19 00:00:00"
520,"Ali Ahamada",190741,"1991-08-19 00:00:00"
521,"Ali Al-Habsi",25156,"1981-12-30 00:00:00"
522,"Ali Boussaboun",25535,"1979-06-11 00:00:00"
523,"Ali Ghazal",420224,"1992-02-01 00:00:00"
524,"Ali M'Madi",211139,"1990-04-21 00:00:00"
525,"Ali Messaoud",209371,"1991-04-13 00:00:00"
526,"Ali Yasar",512728,"1995-03-08 00:00:00"
527,"Alim Oezturk",261332,"1992-11-17 00:00:00"
528,"Aliou Dia",166577,"1990-05-30 00:00:00"
529,"Alioun Fall",610533,"1990-12-20 00:00:00"
530,"Alireza Haghighi",167285,"1988-05-02 00:00:00"
531,"Alireza Jahanbakhsh",466890,"1993-10-08 00:00:00"
532,"Alistair Crawford",190493,"1991-07-30 00:00:00"
533,"Aljaz Struna",169752,"1990-08-04 00:00:00"
534,"Alje Schut",26503,"1981-02-18 00:00:00"
535,"Allan McGregor",32496,"1982-01-31 00:00:00"
536,"Allan Nyom",213809,"1988-05-10 00:00:00"
537,"Allan Russell",24364,"1980-12-13 00:00:00"
538,"Allan Saint-Maximin",466482,"1997-03-12 00:00:00"
539,Allan,188652,"1991-01-08 00:00:00"
540,Allan,676625,"1997-03-03 00:00:00"
541,"Almamy Toure",563216,"1996-04-28 00:00:00"
542,"Almeida Anderson do Oliveira",95681,"1980-12-14 00:00:00"
543,"Almeida Borges Leandro",128851,"1985-03-31 00:00:00"
544,"Almen Abdi",25816,"1986-10-21 00:00:00"
545,"Almog Cohen",174093,"1988-09-01 00:00:00"
546,"Alois Confais",634113,"1996-09-07 00:00:00"
547,"Alou Diarra",39978,"1981-07-15 00:00:00"
548,"Aloys Nong",17276,"1983-10-16 00:00:00"
549,"Alpaslan Ozturk",254455,"1993-07-16 00:00:00"
550,"Alphonse Areola",210164,"1993-02-27 00:00:00"
551,"Alphousseyni Keita",94021,"1985-11-13 00:00:00"
552,"Altin Lala",27351,"1975-11-18 00:00:00"
553,Alvarinho,264743,"1990-09-03 00:00:00"
554,"Alvaro Ampuero",299653,"1992-09-25 00:00:00"
555,"Alvaro Anton",46211,"1983-12-28 00:00:00"
556,"Alvaro Arbeloa",37442,"1983-01-17 00:00:00"
557,"Alvaro Arroyo",201916,"1988-07-22 00:00:00"
558,"Alvaro Cejudo",183350,"1984-01-29 00:00:00"
559,"Alvaro Dominguez",114044,"1989-05-15 00:00:00"
560,"Alvaro Dominguez",50104,"1981-06-10 00:00:00"
561,"Alvaro Fernandez",141662,"1985-10-11 00:00:00"
562,"Alvaro Garcia",474658,"1992-10-27 00:00:00"
563,"Alvaro Gimenez",183327,"1991-05-19 00:00:00"
564,"Alvaro Gonzalez Soberon",257855,"1990-01-08 00:00:00"
565,"Alvaro Gonzalez",57067,"1984-10-29 00:00:00"
566,"Alvaro Medran",523390,"1994-03-15 00:00:00"
567,"Alvaro Mejia",41465,"1982-01-18 00:00:00"
568,"Alvaro Morata",213501,"1992-10-23 00:00:00"
569,"Alvaro Negredo",75310,"1985-08-20 00:00:00"
570,"Alvaro Pereira",100033,"1985-11-28 00:00:00"
571,"Alvaro Rubio",33586,"1979-04-18 00:00:00"
572,"Alvaro Saborio",41564,"1982-03-25 00:00:00"
573,"Alvaro Santos",34983,"1980-01-30 00:00:00"
574,"Alvaro Vadillo",282467,"1994-09-12 00:00:00"
575,"Alvaro Vazquez",213489,"1991-04-27 00:00:00"
576,"Alves Justino Jorge Luiz,28",38162,"1982-04-22 00:00:00"
577,"Aly Cissokho",93484,"1987-09-15 00:00:00"
578,"Aly Ndom",681965,"1996-05-30 00:00:00"
579,"Amad Al Hosni",185388,"1984-07-18 00:00:00"
580,"Amadou Alassane",46660,"1983-04-07 00:00:00"
581,"Amadou Diawara",668307,"1997-07-17 00:00:00"
582,"Amadou Sidibe",111917,"1986-02-19 00:00:00"
583,"Amadou Soukouna",318656,"1992-06-21 00:00:00"
584,"Amara Baby",170316,"1989-02-23 00:00:00"
585,Amauri,38827,"1980-06-03 00:00:00"
586,"Amaury Bischoff",27226,"1987-03-31 00:00:00"
587,"Amdy Faye",35636,"1977-03-12 00:00:00"
588,"Amidio Balde",277767,"1991-05-16 00:00:00"
589,"Amidu Salifu",244840,"1992-09-20 00:00:00"
590,Amilton,668820,"1989-08-12 00:00:00"
591,"Amin Affane",384142,"1994-01-21 00:00:00"
592,"Amin Younes",309505,"1993-08-06 00:00:00"
593,"Amine Linganzi",156105,"1989-11-16 00:00:00"
594,"Amine Mohamed Chermiti",108525,"1987-12-26 00:00:00"
595,"Amir Abrashi",127224,"1990-03-27 00:00:00"
596,"Amir Spahic",15608,"1983-09-13 00:00:00"
597,"Ammar Jemal",108524,"1987-04-20 00:00:00"
598,Amoreirinha,21161,"1984-08-05 00:00:00"
599,"Amos Youga",303359,"1992-12-08 00:00:00"
600,"Amr Zaki",127857,"1983-04-01 00:00:00"
601,"Anaitz Arbilla",213814,"1987-05-15 00:00:00"
602,"Anas Tahiri",521272,"1995-05-15 00:00:00"
603,"Anass Achahbar",287333,"1994-01-13 00:00:00"
604,"Anastasios Donis",614454,"1996-08-29 00:00:00"
605,"Anatole Ngamukol",118359,"1988-01-15 00:00:00"
606,"Anatoli Tymoschuk",30868,"1979-03-30 00:00:00"
607,"Ancelmo Junior",267915,"1990-04-03 00:00:00"
608,"Anco Jansen",46085,"1989-03-09 00:00:00"
609,"Ander Capa",449492,"1992-05-14 00:00:00"
610,"Ander Herrera",164676,"1989-08-14 00:00:00"
611,"Ander Iturraspe",150323,"1989-03-08 00:00:00"
612,"Ander Murillo",33021,"1983-07-26 00:00:00"
613,"Anders Christiansen",127209,"1990-06-08 00:00:00"
614,"Anders Konradsen",70074,"1990-07-18 00:00:00"
615,"Anders Lindegaard",26818,"1984-04-13 00:00:00"
616,"Anderson Carvalho",265799,"1990-05-20 00:00:00"
617,"Anderson Conceicao",268039,"1989-10-24 00:00:00"
618,"Anderson Correia",570360,"1991-05-06 00:00:00"
619,"Anderson Esiti",470305,"1994-05-24 00:00:00"
620,"Anderson Luis",127888,"1988-07-31 00:00:00"
621,"Anderson Melo",268586,"1990-08-14 00:00:00"
622,"Anderson Talisca",450011,"1994-02-01 00:00:00"
623,Anderson,145561,"1988-01-10 00:00:00"
624,Anderson,40961,"1988-04-13 00:00:00"
625,"Andi Lila",71055,"1986-02-12 00:00:00"
626,"Andile Jali",201811,"1990-04-10 00:00:00"
627,"Andis Shala",131391,"1988-11-15 00:00:00"
628,"Andjelko Djuricic",16362,"1980-11-21 00:00:00"
629,"Andoni Iraola",33025,"1982-06-22 00:00:00"
630,"Andras Gosztonyi",167491,"1990-11-07 00:00:00"
631,"Andraz Kirm",72633,"1984-09-06 00:00:00"
632,"Andre Albino Carvalho da Cunha",164130,"1978-02-16 00:00:00"
633,"Andre Almeida",150268,"1990-09-10 00:00:00"
634,"Andre Andre",164333,"1989-08-26 00:00:00"
635,"Andre Anguissa",612863,"1995-11-16 00:00:00"
636,"Andre Auras",421785,"1991-04-22 00:00:00"
637,"Andre Ayew",95955,"1989-12-17 00:00:00"
638,"Andre Bahia",41462,"1983-11-24 00:00:00"
639,"Andre Bikey",38504,"1985-01-08 00:00:00"
640,"Andre Biyogo Poko",292772,"1993-03-07 00:00:00"
641,"Andre Blackman",181254,"1990-11-10 00:00:00"
642,"Andre Bukia",687288,"1995-03-03 00:00:00"
643,"Andre Carrillo",246414,"1991-06-14 00:00:00"
644,"Andre Castro",40956,"1988-04-02 00:00:00"
645,"Andre Claro",163839,"1991-03-31 00:00:00"
646,"Andre Costa",363365,"1992-11-27 00:00:00"
647,"Andre Dias",264739,"1992-04-18 00:00:00"
648,"Andre Dias",35244,"1979-05-15 00:00:00"
649,"Andre Fontes",150267,"1985-05-27 00:00:00"
650,"Andre Geraldes",209503,"1991-05-02 00:00:00"
651,"Andre Gomes",361770,"1993-07-30 00:00:00"
652,"Andre Hahn",243829,"1990-08-13 00:00:00"
653,"Andre Hainault",69911,"1986-06-17 00:00:00"
654,"Andre Hoffmann",212915,"1993-02-28 00:00:00"
655,"Andre Horta",605507,"1996-11-07 00:00:00"
656,"Andre Leao",42352,"1985-05-20 00:00:00"
657,"Andre Lenz",27504,"1973-11-19 00:00:00"
658,"Andre Leone",21458,"1979-02-12 00:00:00"
659,"Andre Luiz",26245,"1980-01-27 00:00:00"
660,"Andre Marques",98382,"1987-08-01 00:00:00"
661,"Andre Martins",154265,"1990-01-21 00:00:00"
662,"Andre Micael",245423,"1989-02-04 00:00:00"
663,"Andre Mijatovic",38170,"1979-12-03 00:00:00"
664,"Andre Moreira",570468,"1995-12-02 00:00:00"
665,"Andre Ooijer",37764,"1974-07-11 00:00:00"
666,"Andre Pinto",96968,"1989-10-05 00:00:00"
667,"Andre Ramalho Silva",251244,"1992-02-16 00:00:00"
668,"Andre Santos",164238,"1989-03-02 00:00:00"
669,"Andre Santos",78541,"1983-03-08 00:00:00"
670,"Andre Schuerrle",178812,"1990-11-06 00:00:00"
671,"Andre Silva",388523,"1995-11-06 00:00:00"
672,"Andre Simoes",97509,"1989-12-16 00:00:00"
673,"Andre Sousa",281205,"1990-07-09 00:00:00"
674,"Andre Vilas Boas",150082,"1983-06-04 00:00:00"
675,"Andre Wisdom",265918,"1993-05-09 00:00:00"
676,"Andre-Pierre Gignac",38098,"1985-12-05 00:00:00"
677,Andre,172187,"1990-09-27 00:00:00"
678,"Andrea Ardito",39744,"1977-01-08 00:00:00"
679,"Andrea Barzagli",30902,"1981-05-08 00:00:00"
680,"Andrea Belotti",309726,"1993-12-20 00:00:00"
681,"Andrea Bertolacci",154239,"1991-01-11 00:00:00"
682,"Andrea Campagnolo",39510,"1978-06-17 00:00:00"
683,"Andrea Caracciolo",27664,"1981-09-18 00:00:00"
684,"Andrea Catellani",150393,"1988-05-26 00:00:00"
685,"Andrea Coda",39643,"1985-04-25 00:00:00"
686,"Andrea Consigli",39170,"1987-01-27 00:00:00"
687,"Andrea Conti",506364,"1994-03-02 00:00:00"
688,"Andrea Conti",74468,"1977-08-23 00:00:00"
689,"Andrea Cossu",41326,"1980-05-03 00:00:00"
690,"Andrea Costa",41865,"1986-02-01 00:00:00"
691,"Andrea Dossena",414792,"1981-09-11 00:00:00"
692,"Andrea Esposito",41942,"1986-05-17 00:00:00"
693,"Andrea Fileccia",209389,"1991-12-06 00:00:00"
694,"Andrea Gasbarroni",39495,"1981-08-06 00:00:00"
695,"Andrea Guatelli",31470,"1984-05-05 00:00:00"
696,"Andrea Lazzari",41404,"1984-12-03 00:00:00"
697,"Andrea Lisuzzo",74542,"1981-01-26 00:00:00"
698,"Andrea Luci",41369,"1985-03-30 00:00:00"
699,"Andrea Mantovani",24443,"1984-06-22 00:00:00"
700,"Andrea Masiello",41879,"1986-02-05 00:00:00"
701,"Andrea Mazzarani",159606,"1989-11-06 00:00:00"
702,"Andrea Mei",150435,"1989-05-18 00:00:00"
703,"Andrea Mutombo",150746,"1990-07-06 00:00:00"
704,"Andrea Orlandi",37645,"1984-08-03 00:00:00"
705,"Andrea Parola",39538,"1979-04-22 00:00:00"
706,"Andrea Pirlo",30731,"1979-05-19 00:00:00"
707,"Andrea Pisanu",27676,"1982-01-07 00:00:00"
708,"Andrea Poli",57124,"1989-09-29 00:00:00"
709,"Andrea Raggi",24493,"1984-06-24 00:00:00"
710,"Andrea Ranocchia",25526,"1988-02-16 00:00:00"
711,"Andrea Rispoli",130113,"1988-01-29 00:00:00"
712,"Andrea Rossi",41878,"1986-11-07 00:00:00"
713,"Andrea Russotto",42466,"1988-05-25 00:00:00"
714,"Andrea Seculin",150464,"1990-07-14 00:00:00"
715,"Andrea Tabanelli",364164,"1990-02-02 00:00:00"
716,"Andrea Zanchetta",24457,"1975-02-02 00:00:00"
717,"Andreas Beck",39841,"1987-03-13 00:00:00"
718,"Andreas Bjelland",70789,"1988-07-11 00:00:00"
719,"Andreas Christensen",449232,"1996-04-10 00:00:00"
720,"Andreas Goerlitz",25364,"1982-01-31 00:00:00"
721,"Andreas Granqvist",30424,"1985-04-16 00:00:00"
722,"Andreas Hinkel",33792,"1982-03-26 00:00:00"
723,"Andreas Hirzel",237645,"1993-03-25 00:00:00"
724,"Andreas Ibertsberger",38213,"1982-07-27 00:00:00"
725,"Andreas Isaksson",36617,"1981-10-03 00:00:00"
726,"Andreas Ivanschitz",42873,"1983-10-15 00:00:00"
727,"Andreas Johansson",40495,"1982-03-10 00:00:00"
728,"Andreas Lambertz",27022,"1984-10-15 00:00:00"
729,"Andreas Landgren",45435,"1989-03-17 00:00:00"
730,"Andreas Lasnik",42824,"1983-11-09 00:00:00"
731,"Andreas Ludwig",192712,"1990-09-11 00:00:00"
732,"Andreas Luthe",178771,"1987-03-10 00:00:00"
733,"Andreas Ottl",25365,"1985-03-01 00:00:00"
734,"Andreas Samaris",195724,"1989-06-13 00:00:00"
735,"Andreas Weimann",184360,"1991-08-05 00:00:00"
736,"Andreas Wittwer",158253,"1990-10-05 00:00:00"
737,"Andreas Wolf",27438,"1982-06-12 00:00:00"
738,"Andrej Kramaric",173461,"1991-06-19 00:00:00"
739,"Andrej Rendla",72401,"1990-10-13 00:00:00"
740,"Andres Fernandez",104986,"1986-12-16 00:00:00"
741,"Andres Guardado",31045,"1986-09-28 00:00:00"
742,"Andres Iniesta",30955,"1984-05-11 00:00:00"
743,"Andres Lamas",57057,"1984-01-16 00:00:00"
744,"Andres Madrid",43291,"1981-07-29 00:00:00"
745,"Andres Malloth",320187,"1992-11-27 00:00:00"
746,"Andres Palop",33986,"1973-10-22 00:00:00"
747,"Andres Tunez",192065,"1987-03-15 00:00:00"
748,"Andreu Fontas",172948,"1989-11-14 00:00:00"
749,"Andreu Mayoral",74744,"1983-06-17 00:00:00"
750,"Andrew Barrowman",41592,"1984-11-27 00:00:00"
751,"Andrew Considine",32419,"1987-04-01 00:00:00"
752,"Andrew Crofts",23528,"1984-05-29 00:00:00"
753,"Andrew Davies",23007,"1984-12-17 00:00:00"
754,"Andrew Dawson",23022,"1978-10-20 00:00:00"
755,"Andrew Driver",32593,"1987-11-20 00:00:00"
756,"Andrew Johnson",31907,"1981-02-10 00:00:00"
757,"Andrew Keogh",23866,"1986-05-16 00:00:00"
758,"Andrew Little",160936,"1989-05-12 00:00:00"
759,"Andrew McNeil",43243,"1987-01-19 00:00:00"
760,"Andrew Mitchell",308277,"1992-04-06 00:00:00"
761,"Andrew O'Brien",24336,"1979-06-29 00:00:00"
762,"Andrew Reid",17866,"1982-07-29 00:00:00"
763,"Andrew Robertson",357880,"1994-03-11 00:00:00"
764,"Andrew Shinnie",68400,"1989-07-17 00:00:00"
765,"Andrew Sinkala",37369,"1979-06-18 00:00:00"
766,"Andrew Surman",23629,"1986-08-20 00:00:00"
767,"Andrew Taylor",24161,"1986-08-01 00:00:00"
768,"Andrew Wooten",308236,"1989-09-30 00:00:00"
769,"Andrey Arshavin",3520,"1981-05-29 00:00:00"
770,"Andrey Voronin",30886,"1979-07-21 00:00:00"
771,Andrezinho,570463,"1995-08-06 00:00:00"
772,Andrezinho,97493,"1981-10-09 00:00:00"
773,"Andrija Delibasic",38367,"1981-04-24 00:00:00"
774,"Andrija Kaludjerovic",95545,"1987-07-05 00:00:00"
775,"Andris Vanins",10637,"1980-04-30 00:00:00"
776,"Andrius Velicka",38495,"1979-04-05 00:00:00"
777,"Andriy Shevchenko",31996,"1976-09-29 00:00:00"
778,"Andros Townsend",166422,"1991-07-16 00:00:00"
779,"Andrzej Witan",275760,"1990-02-22 00:00:00"
780,"Andwele Slory",37185,"1982-09-27 00:00:00"
781,"Andy Carroll",47382,"1989-01-06 00:00:00"
782,"Andy Delort",183530,"1991-10-09 00:00:00"
783,"Andy Dorman",70273,"1982-05-01 00:00:00"
784,"Andy Dowie",35574,"1983-03-25 00:00:00"
785,"Andy Griffin",40574,"1979-03-07 00:00:00"
786,"Andy Jackson",17391,"1988-01-09 00:00:00"
787,"Andy Kawaya",504613,"1996-08-23 00:00:00"
788,"Andy King",103419,"1988-10-29 00:00:00"
789,"Andy Kirk",24575,"1979-05-29 00:00:00"
790,"Andy Najar",198453,"1993-03-16 00:00:00"
791,"Andy Webster",39223,"1982-04-23 00:00:00"
792,"Andy Wilkinson",23369,"1984-08-06 00:00:00"
793,"Anele Ngcongca",148314,"1987-10-21 00:00:00"
794,"Anestis Argyriou",154941,"1988-01-04 00:00:00"
795,"Angel Cervara",47193,"1986-01-31 00:00:00"
796,"Angel Correa",432950,"1995-03-09 00:00:00"
797,"Angel Di Maria",46509,"1988-02-14 00:00:00"
798,"Angel Javier Arizmendi",33762,"1984-03-03 00:00:00"
799,"Angel Lafita",38573,"1984-08-07 00:00:00"
800,"Angel Lopez",33733,"1981-03-10 00:00:00"
801,"Angel Manuel Vivar Dorado",33820,"1974-02-12 00:00:00"
802,"Angel Montoro",105925,"1988-06-25 00:00:00"
803,"Angel Rangel",89185,"1982-10-28 00:00:00"
804,"Angel Rodriguez",41292,"1987-04-26 00:00:00"
805,"Angel Trujillo",280485,"1987-09-08 00:00:00"
806,"Angelo da Costa",155246,"1983-11-12 00:00:00"
807,"Angelo Martha",26678,"1982-04-29 00:00:00"
808,"Angelo Obinze Ogbonna",49543,"1988-05-23 00:00:00"
809,"Angelo Palombo",27702,"1981-09-25 00:00:00"
810,"Angelo Raso",8837,"1981-07-20 00:00:00"
811,Angelo,17836,"1981-06-12 00:00:00"
812,"Angelos Basinas",33850,"1976-01-03 00:00:00"
813,"Angelos Charisteas",38810,"1980-02-09 00:00:00"
814,"Anibal Capela",163901,"1991-05-08 00:00:00"
815,"Anice Badri",442735,"1990-09-18 00:00:00"
816,Anilton,38100,"1980-07-10 00:00:00"
817,"Anis Ben-Hatira",27155,"1988-07-18 00:00:00"
818,"Anouar Kali",243509,"1991-06-03 00:00:00"
819,"Anour Hadouir",26692,"1982-09-14 00:00:00"
820,Anselmo,163989,"1981-06-06 00:00:00"
821,Anselmo,202343,"1989-02-20 00:00:00"
822,Anselmo,22139,"1984-01-06 00:00:00"
823,"Anssi Jaakkola",7334,"1987-03-13 00:00:00"
824,"Ante Puljic",97359,"1987-11-05 00:00:00"
825,"Ante Rebic",265725,"1993-09-21 00:00:00"
826,"Ante Vukusic",170660,"1991-01-04 00:00:00"
827,"Anther Yahia",17312,"1982-03-21 00:00:00"
828,"Anthony Andreu",177683,"1988-05-22 00:00:00"
829,"Anthony Annan",71619,"1986-07-21 00:00:00"
830,"Anthony Bentem",165597,"1990-03-19 00:00:00"
831,"Anthony Biekman",425457,"1994-05-16 00:00:00"
832,"Anthony Deroin",11327,"1979-03-15 00:00:00"
833,"Anthony Favre",7621,"1984-02-01 00:00:00"
834,"Anthony Forde",280862,"1993-11-16 00:00:00"
835,"Anthony Gardner",24509,"1980-09-19 00:00:00"
836,"Anthony Knockaert",202562,"1991-11-20 00:00:00"
837,"Anthony Le Tallec",37466,"1984-10-03 00:00:00"
838,"Anthony Limbombe",215419,"1994-07-15 00:00:00"
839,"Anthony Lippini",118850,"1988-11-07 00:00:00"
840,"Anthony Lopes",167035,"1990-10-01 00:00:00"
841,"Anthony Loustallot",188565,"1992-03-30 00:00:00"
842,"Anthony Lurling",25640,"1977-04-22 00:00:00"
843,"Anthony Martial",413557,"1995-12-05 00:00:00"
844,"Anthony McMahon",24162,"1986-03-24 00:00:00"
845,"Anthony Mfa Meuzi",187563,"1991-03-07 00:00:00"
846,"Anthony Modeste",71605,"1988-04-14 00:00:00"
847,"Anthony Moris",148331,"1990-04-29 00:00:00"
848,"Anthony Mounier",40659,"1987-09-27 00:00:00"
849,"Anthony Obodai",30295,"1982-08-06 00:00:00"
850,"Anthony Pilkington",47194,"1988-06-06 00:00:00"
851,"Anthony Portier",37021,"1982-06-01 00:00:00"
852,"Anthony Reveillere",32579,"1979-11-10 00:00:00"
853,"Anthony Ribelin",564859,"1996-04-08 00:00:00"
854,"Anthony Sauthier",114742,"1991-02-05 00:00:00"
855,"Anthony Seric",30710,"1979-01-15 00:00:00"
856,"Anthony Stokes",38614,"1988-07-25 00:00:00"
857,"Anthony Straker",95176,"1988-09-23 00:00:00"
858,"Anthony Ujah",196366,"1990-11-20 00:00:00"
859,"Anthony van Loo",94284,"1988-10-05 00:00:00"
860,"Anthony Vanden Borre",38368,"1987-10-24 00:00:00"
861,"Anthony Walongwa",562698,"1993-10-15 00:00:00"
862,"Anthony Watt",188506,"1993-12-29 00:00:00"
863,"Anthony Weber",46892,"1987-06-11 00:00:00"
864,"Antimo Iunco",42582,"1984-06-10 00:00:00"
865,"Anto Grgic",656668,"1996-11-28 00:00:00"
866,"Antoine Conte",424918,"1994-01-29 00:00:00"
867,"Antoine Devaux",46653,"1985-02-21 00:00:00"
868,"Antoine Griezmann",184138,"1991-03-21 00:00:00"
869,"Antoine Rabillard",717270,"1995-09-22 00:00:00"
870,"Antoine Rey",8893,"1986-08-25 00:00:00"
871,"Antoine van der Linden",26470,"1976-03-17 00:00:00"
872,"Antolin Alcaraz",11736,"1982-07-30 00:00:00"
873,"Anton Ferdinand",24740,"1985-02-18 00:00:00"
874,"Anton Mitryushkin",441302,"1996-02-08 00:00:00"
875,"Anton Putsila",16678,"1987-06-10 00:00:00"
876,"Anton Sloboda",115253,"1987-07-10 00:00:00"
877,"Antoni Lukasiewicz",13349,"1983-06-26 00:00:00"
878,"Antonini Culina",186948,"1992-01-27 00:00:00"
879,"Antonio Adan",40648,"1987-05-13 00:00:00"
880,"Antonio Amaya",150731,"1983-05-31 00:00:00"
881,"Antonio Apono",102612,"1984-02-13 00:00:00"
882,"Antonio Balzano",41769,"1986-06-13 00:00:00"
883,"Antonio Barilla",39738,"1988-04-01 00:00:00"
884,"Antonio Barragan",35324,"1987-06-12 00:00:00"
885,"Antonio Bocchetti",39485,"1980-06-11 00:00:00"
886,"Antonio Busce",24464,"1975-12-12 00:00:00"
887,"Antonio Candreva",11685,"1987-02-28 00:00:00"
888,"Antonio Carlos Dos Santos",25837,"1979-10-03 00:00:00"
889,"Antonio Cassano",32748,"1982-07-12 00:00:00"
890,"Antonio Chimenti",41881,"1970-06-30 00:00:00"
891,"Antonio Cotan",358142,"1995-09-19 00:00:00"
892,"Antonio da Silva",34413,"1978-06-13 00:00:00"
893,"Antonio de Azevedo",66982,"1981-11-23 00:00:00"
894,"Antonio Di Gaudio",299374,"1989-08-16 00:00:00"
895,"Antonio Di Natale",27734,"1977-10-13 00:00:00"
896,"Antonio Doblas",33644,"1980-08-05 00:00:00"
897,"Antonio Donnarumma",212772,"1990-07-07 00:00:00"
898,"Antonio Filipe",164430,"1985-04-14 00:00:00"
899,"Antonio Filippini",37499,"1973-07-03 00:00:00"
900,"Antonio Floro Flores",41542,"1983-06-18 00:00:00"
901,"Antonio Geder",40680,"1978-05-23 00:00:00"
902,"Antonio Ghomsi",39389,"1986-04-22 00:00:00"
903,"Antonio Guayre",37433,"1980-04-23 00:00:00"
904,"Antonio Hidalgo",33832,"1979-02-08 00:00:00"
905,"Antonio Langella",24409,"1977-03-30 00:00:00"
906,"Antonio Lopez",32656,"1981-09-13 00:00:00"
907,"Antonio Luna",202553,"1991-03-17 00:00:00"
908,"Antonio Marin Molina",517294,"1996-06-17 00:00:00"
909,"Antonio Mazzotta",182839,"1989-08-02 00:00:00"
910,"Antonio Milic",298941,"1994-03-10 00:00:00"
911,"Antonio Mirante",35644,"1983-07-08 00:00:00"
912,"Antonio Nocerino",39367,"1985-04-09 00:00:00"
913,"Antonio Reguero Chapinal",354519,"1982-07-04 00:00:00"
914,"Antonio Rosati",27560,"1983-06-26 00:00:00"
915,"Antonio Ruediger",276738,"1993-03-03 00:00:00"
916,"Antonio Rukavina",79737,"1984-01-26 00:00:00"
917,"Antonio Sanabria",474448,"1996-03-04 00:00:00"
918,"Antonio Signori Dominique",255251,"1994-07-25 00:00:00"
919,"Antonio Tomas",37793,"1985-01-19 00:00:00"
920,"Antonio Valencia",35327,"1985-08-04 00:00:00"
921,"Antonio Xavier",361760,"1992-07-06 00:00:00"
922,"Antonio Zito",74291,"1986-06-06 00:00:00"
923,"Antonio-Mirko Colak",496045,"1993-09-17 00:00:00"
924,"Antons Kurakins",132111,"1990-01-01 00:00:00"
925,"Antony Lecointe,19",93346,"1980-10-05 00:00:00"
926,"Antti Okkonen",31810,"1982-06-06 00:00:00"
927,Antunes,45244,"1987-04-01 00:00:00"
928,"Anwar El-Ghazi",562267,"1995-05-03 00:00:00"
929,"Apostolos Vellios",186975,"1992-01-08 00:00:00"
930,"Apoula Edima Edel",38230,"1986-06-17 00:00:00"
931,"Aquivaldo Mosquera",70255,"1981-06-22 00:00:00"
932,"Aras Oezbiliz",209362,"1990-03-09 00:00:00"
933,"Arber Zeneli",520659,"1995-02-25 00:00:00"
934,"Archimede Morleo",182776,"1983-09-26 00:00:00"
935,"Ard van Peppen",37188,"1985-06-26 00:00:00"
936,"Arda Turan",39792,"1987-01-30 00:00:00"
937,"Arek Radomski",30880,"1977-06-27 00:00:00"
938,Ari,40451,"1985-12-12 00:00:00"
939,"Ariel Borysiuk",112656,"1991-07-29 00:00:00"
940,"Ariel Ibagaza",38362,"1976-10-27 00:00:00"
941,"Ariel Nahuelpan",149584,"1987-10-15 00:00:00"
942,"Aristide Bance",38263,"1984-09-19 00:00:00"
943,"Aristote Madiani",604374,"1995-08-22 00:00:00"
944,"Aristote N'Dongala",421441,"1994-01-19 00:00:00"
945,"Aritz Aduriz",33028,"1981-02-11 00:00:00"
946,"Aritz Elustondo",607148,"1994-03-28 00:00:00"
947,"Aritz Lopez Garai",75331,"1980-11-06 00:00:00"
948,"Ariza Makukula",37496,"1981-03-04 00:00:00"
949,"Arjan Swinkels",45485,"1984-10-15 00:00:00"
950,"Arjan van Dijk",110112,"1987-01-17 00:00:00"
951,"Arjen Robben",30834,"1984-01-23 00:00:00"
952,"Arkadiusz Glowacki",39070,"1979-03-13 00:00:00"
953,"Arkadiusz Malarz",13472,"1980-06-19 00:00:00"
954,"Arkadiusz Milik",277460,"1994-02-28 00:00:00"
955,"Arkadiusz Piech",196185,"1985-06-07 00:00:00"
956,"Arkadiusz Wozniak",197560,"1990-06-01 00:00:00"
957,"Arlind Ajeti",263796,"1993-09-25 00:00:00"
958,"Armand Traore",63520,"1989-10-08 00:00:00"
959,"Armando Izzo",301023,"1992-03-02 00:00:00"
960,"Armando Sadiku",254704,"1991-05-27 00:00:00"
961,"Armiche Ortega",174855,"1988-06-12 00:00:00"
962,"Armin Alesevic",448851,"1994-03-06 00:00:00"
963,"Armin Bacinovic",107502,"1989-10-24 00:00:00"
964,"Armin Cerimagic",314966,"1994-01-14 00:00:00"
965,"Arnar Vidarsson",27110,"1978-03-15 00:00:00"
966,"Arnaud Buhler",38625,"1985-01-17 00:00:00"
967,"Arnaud De Greef",239351,"1992-04-12 00:00:00"
968,"Arnaud Le Lan",46540,"1978-03-22 00:00:00"
969,"Arnaud Maire",46246,"1979-03-06 00:00:00"
970,"Arnaud Souquet",179411,"1992-02-12 00:00:00"
971,"Arnaud Sutchuin Djoum",37104,"1989-05-02 00:00:00"
972,"Arne Friedrich",30819,"1979-05-29 00:00:00"
973,"Arne Naudts",256197,"1993-11-27 00:00:00"
974,"Arne Slot",26630,"1978-09-17 00:00:00"
975,"Arni Gautur Arason",40281,"1975-05-07 00:00:00"
976,"Arno Verschueren",560413,"1997-04-08 00:00:00"
977,"Arnold Bouka Moutou",103964,"1988-11-28 00:00:00"
978,"Arnold Bruggink",34400,"1977-07-24 00:00:00"
979,"Arnold Kruiswijk",26458,"1984-11-02 00:00:00"
980,"Arnold Mvuemba",26324,"1985-01-28 00:00:00"
981,Arnold,522765,"1992-04-06 00:00:00"
982,"Arnor Angeli",178481,"1991-02-25 00:00:00"
983,"Arnor Smarason",110137,"1988-09-07 00:00:00"
984,"Aron Gunnarsson",110169,"1989-04-22 00:00:00"
985,"Aron Johannsson",172388,"1990-11-10 00:00:00"
986,"Aron Liechti",112979,"1986-02-15 00:00:00"
987,"Arouna Kone",30922,"1983-11-11 00:00:00"
988,"Arsenio Valpoort",287334,"1992-08-05 00:00:00"
989,Arsenio,242904,"1989-08-30 00:00:00"
990,"Artem Kravets",107717,"1989-06-03 00:00:00"
991,"Artem Putivtsev",206669,"1988-08-29 00:00:00"
992,"Artem Simonyan",540230,"1995-02-20 00:00:00"
993,"Arthur Boka",38842,"1983-04-02 00:00:00"
994,"Arthur Masuaku",418137,"1993-11-07 00:00:00"
995,Arthur,173983,"1987-01-14 00:00:00"
996,Arthuro,33000,"1982-08-27 00:00:00"
997,"Artiles Oliva Aythami",74989,"1986-04-02 00:00:00"
998,"Artis Lazdins",107792,"1986-05-03 00:00:00"
999,"Artjoms Rudnevs",79982,"1988-01-13 00:00:00"
1000,"Artur Boruc",30974,"1980-02-20 00:00:00"
1001,"Artur Gieraga",178702,"1988-05-04 00:00:00"
